{
    "train": {
        "loss": 0.4825775921344757,
        "categorical_accuracy": 0.908760666847229
    },
    "eval": {
        "loss": 0.6731550097465515,
        "categorical_accuracy": 0.8854411840438843
    },
    "step": 19
}