{
    "train": {
        "loss": 0.47374260425567627,
        "categorical_accuracy": 0.9077510833740234
    },
    "eval": {
        "loss": 0.6874526143074036,
        "categorical_accuracy": 0.8839049935340881
    },
    "step": 21
}