{
    "train": {
        "loss": 0.4740014374256134,
        "categorical_accuracy": 0.9075690507888794
    },
    "eval": {
        "loss": 0.7333524823188782,
        "categorical_accuracy": 0.8827619552612305
    },
    "step": 21
}