{
    "train": {
        "loss": 0.492931991815567,
        "categorical_accuracy": 0.9036570191383362
    },
    "eval": {
        "loss": 0.7014763951301575,
        "categorical_accuracy": 0.8815752267837524
    },
    "step": 15
}