{
    "train": {
        "loss": 0.49274128675460815,
        "categorical_accuracy": 0.9039239287376404
    },
    "eval": {
        "loss": 0.7151474356651306,
        "categorical_accuracy": 0.8806724548339844
    },
    "step": 16
}