{
    "train": {
        "loss": 0.48305991291999817,
        "categorical_accuracy": 0.9059600830078125
    },
    "eval": {
        "loss": 0.7532254457473755,
        "categorical_accuracy": 0.8822450041770935
    },
    "step": 18
}