{
    "train": {
        "loss": 0.48077717423439026,
        "categorical_accuracy": 0.9061324000358582
    },
    "eval": {
        "loss": 0.7327141165733337,
        "categorical_accuracy": 0.8826017379760742
    },
    "step": 19
}