{
    "train": {
        "loss": 0.4745083451271057,
        "categorical_accuracy": 0.9069380760192871
    },
    "eval": {
        "loss": 0.7054416537284851,
        "categorical_accuracy": 0.8828420042991638
    },
    "step": 21
}