step	eval/categorical_accuracy
0	0.843949556350708
1	0.8572510480880737
2	0.8638544678688049
3	0.8665627837181091
4	0.8687105774879456
5	0.8719503879547119
6	0.8746514320373535
7	0.8762240409851074
8	0.8767773509025574
9	0.8782480359077454
10	0.8780732750892639
11	0.8792527318000793
12	0.8779058456420898
13	0.8798205852508545
14	0.8800244331359863
15	0.8815752267837524
