step	eval/categorical_accuracy
0	0.8459516763687134
1	0.854688286781311
2	0.8630099296569824
3	0.8657255172729492
4	0.8694531321525574
5	0.8715208172798157
6	0.8743311166763306
7	0.8751465082168579
8	0.8765516877174377
9	0.8774617314338684
10	0.8787868022918701
11	0.8791872262954712
12	0.879391074180603
13	0.8799589276313782
14	0.8786338567733765
15	0.880949079990387
16	0.8804249167442322
17	0.8815242648124695
18	0.8818955421447754
19	0.8826236128807068
20	0.8839049935340881
