step	eval/categorical_accuracy
0	0.8448668718338013
1	0.8543096780776978
2	0.8624492883682251
3	0.8680407404899597
4	0.8702321648597717
5	0.8715135455131531
6	0.8727730512619019
7	0.8760566115379333
8	0.877469003200531
9	0.8777820467948914
10	0.8777238130569458
11	0.879492998123169
12	0.8782261610031128
13	0.8807306885719299
14	0.8798642754554749
15	0.881116509437561
16	0.882354199886322
17	0.8818008899688721
18	0.8836210370063782
19	0.8823251128196716
20	0.8827619552612305
