step	eval/categorical_accuracy
0	0.8453474044799805
1	0.8586124777793884
2	0.8636797070503235
3	0.8678150177001953
4	0.8685649633407593
5	0.8715936541557312
6	0.8750300407409668
7	0.876049280166626
8	0.8767118453979492
9	0.8770248889923096
10	0.8761512041091919
11	0.878706693649292
12	0.8797186613082886
13	0.8798861503601074
14	0.8802574276924133
15	0.8816552758216858
16	0.882587194442749
17	0.8822450041770935
