step	eval/categorical_accuracy
0	0.8417071104049683
1	0.856377363204956
2	0.863737940788269
3	0.8675674796104431
4	0.8710694313049316
5	0.8717246651649475
6	0.874323844909668
7	0.874724268913269
8	0.8742291927337646
9	0.8775417804718018
10	0.8787940740585327
11	0.8792381882667542
12	0.8786120414733887
13	0.8792309165000916
14	0.8813204169273376
15	0.8806724548339844
