step	eval/categorical_accuracy
0	0.8456313014030457
1	0.8560279011726379
2	0.8627332448959351
3	0.8667375445365906
4	0.8690381646156311
5	0.8700792789459229
6	0.8750081658363342
7	0.8754668831825256
8	0.8767482042312622
9	0.8771413564682007
10	0.8782407641410828
11	0.8782698512077332
12	0.8792891502380371
13	0.8809563517570496
14	0.8793182373046875
15	0.8816916942596436
16	0.8816115856170654
17	0.8818445801734924
18	0.8807525038719177
19	0.8828566074371338
20	0.8828420042991638
