step	eval/categorical_accuracy
0	0.8475461006164551
1	0.8622527122497559
2	0.8659002780914307
3	0.8685795068740845
4	0.8731006979942322
5	0.8751319646835327
6	0.8766244649887085
7	0.8790925741195679
8	0.8788595795631409
9	0.8806360363960266
10	0.879711389541626
11	0.8807597756385803
12	0.8818008899688721
13	0.8836283087730408
14	0.8834826946258545
15	0.8845165371894836
16	0.8850917220115662
17	0.8841161131858826
18	0.8854411840438843
