step	eval/categorical_accuracy
0	0.8463375568389893
1	0.8574257493019104
2	0.8633157014846802
3	0.8672544360160828
4	0.8709165453910828
5	0.8709238171577454
6	0.8744403123855591
7	0.875328540802002
8	0.8774398565292358
9	0.8770248889923096
10	0.877469003200531
11	0.8796531558036804
12	0.8795876502990723
13	0.8804685473442078
14	0.8800972700119019
15	0.8810874223709106
16	0.8817426562309265
17	0.8815388083457947
18	0.8826017379760742
