step	eval/loss
0	1.077176809310913
1	0.9113820791244507
2	0.8647884726524353
3	0.8644779324531555
4	0.8588359951972961
5	0.8119430541992188
6	0.8316165804862976
7	0.7327701449394226
8	0.7246638536453247
9	0.7160061597824097
10	0.8134326934814453
11	0.723294198513031
12	0.7124066352844238
13	0.7699777483940125
14	0.7629592418670654
15	0.6870533227920532
16	0.7325232625007629
17	0.7431197166442871
18	0.7545520663261414
19	0.7011250853538513
20	0.6874526143074036
