step	eval/loss
0	1.0170903205871582
1	0.950709342956543
2	0.8607245683670044
3	0.8381252288818359
4	0.8092125058174133
5	0.7983224391937256
6	0.758423924446106
7	0.7432140111923218
8	0.738295316696167
9	0.7608427405357361
10	0.7526721358299255
11	0.728434145450592
12	0.7884796857833862
13	0.7362794280052185
14	0.7330099940299988
15	0.7018921375274658
16	0.7221500277519226
17	0.7418860793113708
18	0.7116960883140564
19	0.754721999168396
20	0.7054416537284851
