step	eval/loss
0	1.0846245288848877
1	0.9239758849143982
2	0.8558896780014038
3	0.8803893327713013
4	0.8048747181892395
5	0.7889794707298279
6	0.7525367140769958
7	0.7843133211135864
8	0.7605931162834167
9	0.7441866993904114
10	0.6981678605079651
11	0.7283927798271179
12	0.764911413192749
13	0.7254026532173157
14	0.7036806344985962
15	0.7151474356651306
