step	eval/loss
0	1.0153547525405884
1	0.9810911417007446
2	0.8760532140731812
3	0.8117738366127014
4	0.8139276504516602
5	0.8310406804084778
6	0.7470966577529907
7	0.7434073090553284
8	0.7392308712005615
9	0.7392353415489197
10	0.7207071781158447
11	0.746373176574707
12	0.6998192667961121
13	0.707861065864563
14	0.7059645652770996
15	0.7054889798164368
16	0.7116696834564209
17	0.7532254457473755
