step	eval/loss
0	1.1466264724731445
1	1.006529450416565
2	0.9228156805038452
3	0.8777464628219604
4	0.8200973272323608
5	0.7899951338768005
6	0.7520936727523804
7	0.7570196986198425
8	0.7747354507446289
9	0.7247417569160461
10	0.7614408731460571
11	0.7174314260482788
12	0.7028902769088745
13	0.663908839225769
14	0.7145093679428101
15	0.7212830185890198
16	0.6901206374168396
17	0.6836452484130859
18	0.6731550097465515
