step	eval/loss
0	1.007240891456604
1	0.9742752313613892
2	0.8865835070610046
3	0.8712548017501831
4	0.8176445960998535
5	0.8027797341346741
6	0.7820650935173035
7	0.7496196031570435
8	0.7518006563186646
9	0.7433608770370483
10	0.7033675312995911
11	0.7829491496086121
12	0.7294304966926575
13	0.70244961977005
14	0.7786204814910889
15	0.7335450053215027
16	0.7175747752189636
17	0.7839086651802063
18	0.7327141165733337
