step	eval/loss
0	0.9967036247253418
1	0.9746624827384949
2	0.8589501976966858
3	0.8265308737754822
4	0.7857906222343445
5	0.8084979057312012
6	0.7532148957252502
7	0.7632729411125183
8	0.7223584055900574
9	0.7680490016937256
10	0.7625732421875
11	0.7175318598747253
12	0.7963084578514099
13	0.7149057984352112
14	0.7540293335914612
15	0.6961996555328369
16	0.7406027913093567
17	0.723518431186676
18	0.7561350464820862
19	0.7135512828826904
20	0.7333524823188782
