step	eval/loss
0	1.0120080709457397
1	0.9444295763969421
2	0.8798738121986389
3	0.8438333868980408
4	0.8014333248138428
5	0.8432521820068359
6	0.8197985887527466
7	0.7422600388526917
8	0.7457864284515381
9	0.7346383333206177
10	0.6946126222610474
11	0.728947103023529
12	0.7236741781234741
13	0.7474416494369507
14	0.7496985197067261
15	0.7014763951301575
