step	train/categorical_accuracy
0	0.771561861038208
1	0.853484570980072
2	0.8687251210212708
3	0.8769084215164185
4	0.8826794028282166
5	0.8862031698226929
6	0.8903943300247192
7	0.89236980676651
8	0.8945150971412659
9	0.8961799144744873
10	0.8981068134307861
11	0.8997254967689514
12	0.9008539915084839
13	0.9021475315093994
14	0.9028609991073608
15	0.9035817980766296
16	0.9044505953788757
17	0.9056639671325684
18	0.9062561392784119
19	0.9064842462539673
20	0.9077510833740234
