step	train/categorical_accuracy
0	0.7716540694236755
1	0.8531739115715027
2	0.8681038618087769
3	0.8773015737533569
4	0.882402777671814
5	0.8870720267295837
6	0.8898919820785522
7	0.8929328322410583
8	0.8944981098175049
9	0.8969370722770691
10	0.8983009457588196
11	0.8998371362686157
12	0.9012471437454224
13	0.9023392200469971
14	0.9034215807914734
15	0.903826892375946
16	0.9043437838554382
17	0.9052878618240356
18	0.9059600830078125
19	0.9067584872245789
20	0.9075690507888794
