step	train/categorical_accuracy
0	0.7696834802627563
1	0.853268563747406
2	0.8687493801116943
3	0.8768332004547119
4	0.8828905820846558
5	0.8864191770553589
6	0.8900060653686523
7	0.8927289247512817
8	0.8950368762016296
9	0.897087574005127
10	0.8984732627868652
11	0.9003055095672607
12	0.9011913537979126
13	0.9026086330413818
14	0.903392493724823
15	0.9040671586990356
16	0.9051883220672607
17	0.9059600830078125
