step	train/categorical_accuracy
0	0.7703217267990112
1	0.8528584241867065
2	0.8684654235839844
3	0.8772894144058228
4	0.882354199886322
5	0.8867928981781006
6	0.889894425868988
7	0.892673134803772
8	0.8950732946395874
9	0.8963764905929565
10	0.8984611630439758
11	0.8999609351158142
12	0.9014558792114258
13	0.9020067453384399
14	0.9031037092208862
15	0.9039725065231323
16	0.9047054052352905
17	0.9055280685424805
18	0.9061324000358582
