step	train/categorical_accuracy
0	0.7707488536834717
1	0.8524143099784851
2	0.8683077096939087
3	0.8766924142837524
4	0.882152795791626
5	0.886586606502533
6	0.8899235129356384
7	0.8925299644470215
8	0.8952091932296753
9	0.8970924019813538
10	0.8985751867294312
11	0.9001502394676208
12	0.9009122252464294
13	0.9025649428367615
14	0.9030939936637878
15	0.9039166569709778
16	0.9050306081771851
17	0.9057173728942871
18	0.9064575433731079
19	0.9069405198097229
20	0.9069380760192871
