step	train/categorical_accuracy
0	0.7713361382484436
1	0.8530040383338928
2	0.8683174252510071
3	0.8766220211982727
4	0.8821479678153992
5	0.8873268365859985
6	0.890214741230011
7	0.8926973938941956
8	0.894614577293396
9	0.8969953060150146
10	0.8985728025436401
11	0.9001113772392273
12	0.9012058973312378
13	0.9020091891288757
14	0.9029847383499146
15	0.9039239287376404
