step	train/categorical_accuracy
0	0.7720010876655579
1	0.8534942865371704
2	0.8685843348503113
3	0.8773573637008667
4	0.8828784227371216
5	0.8867104053497314
6	0.8904671669006348
7	0.8931609392166138
8	0.8945660591125488
9	0.8969637751579285
10	0.8982451558113098
11	0.899895429611206
12	0.9006792902946472
13	0.9019412398338318
14	0.903409481048584
15	0.9036570191383362
