step	train/loss
0	1.2497490644454956
1	0.8592711687088013
2	0.7657382488250732
3	0.7040507793426514
4	0.6601406931877136
5	0.6253980994224548
6	0.5985837578773499
7	0.5771957635879517
8	0.5589247941970825
9	0.5430783033370972
10	0.5306141376495361
11	0.5211358666419983
12	0.5112159848213196
13	0.5047450065612793
14	0.4986807405948639
15	0.49259379506111145
16	0.4888000190258026
17	0.485160768032074
18	0.48055389523506165
19	0.4766370952129364
20	0.4740014374256134
