step	train/loss
0	1.254371166229248
1	0.860785722732544
2	0.7656483054161072
3	0.704743504524231
4	0.6607900857925415
5	0.6252296566963196
6	0.5981554388999939
7	0.5755199790000916
8	0.5569422841072083
9	0.5423928499221802
10	0.5302578806877136
11	0.5205328464508057
12	0.5121738910675049
13	0.5039983987808228
14	0.49869462847709656
15	0.49359437823295593
16	0.4877282679080963
17	0.48264530301094055
18	0.47938984632492065
19	0.47657299041748047
20	0.4745083451271057
