step	train/loss
0	1.4028116464614868
1	0.9910809993743896
2	0.8481537103652954
3	0.75633305311203
4	0.6912317872047424
5	0.6465182304382324
6	0.6124586462974548
7	0.5859739780426025
8	0.5669032335281372
9	0.5509093403816223
10	0.5373415350914001
11	0.5278850197792053
12	0.5170258283615112
13	0.5090622305870056
14	0.5015981197357178
15	0.49636754393577576
16	0.49125152826309204
17	0.4859074354171753
18	0.4825775921344757
