step	train/loss
0	1.2590769529342651
1	0.860752284526825
2	0.7664601802825928
3	0.7046076059341431
4	0.6598910689353943
5	0.6265601515769958
6	0.5985449552536011
7	0.5758460164070129
8	0.5576912760734558
9	0.5424455404281616
10	0.5307599902153015
11	0.519059419631958
12	0.5116957426071167
13	0.5030325651168823
14	0.4973143935203552
15	0.49250391125679016
16	0.4867125451564789
17	0.48305991291999817
