step	train/loss
0	1.2472459077835083
1	0.858853280544281
2	0.7654381990432739
3	0.7036868333816528
4	0.6594452857971191
5	0.6261752843856812
6	0.5978630781173706
7	0.5750135779380798
8	0.5593884587287903
9	0.5421627163887024
10	0.5316416025161743
11	0.5188553333282471
12	0.5119203329086304
13	0.5052905082702637
14	0.4980313777923584
15	0.492931991815567
