step	train/loss
0	1.2578290700912476
1	0.8608856797218323
2	0.7668907046318054
3	0.7047638893127441
4	0.6612178683280945
5	0.6261916756629944
6	0.598585844039917
7	0.5758841037750244
8	0.557356595993042
9	0.5432538390159607
10	0.5316426753997803
11	0.5199279189109802
12	0.5111271142959595
13	0.5038747191429138
14	0.4986976087093353
15	0.4934920072555542
16	0.4874478578567505
17	0.48349520564079285
18	0.48077717423439026
