step	train/loss
0	1.2530392408370972
1	0.8601968288421631
2	0.7665860652923584
3	0.7051156759262085
4	0.6614143252372742
5	0.6250212788581848
6	0.5993489027023315
7	0.5769296884536743
8	0.5589684844017029
9	0.5437710285186768
10	0.530064582824707
11	0.520461916923523
12	0.5122750401496887
13	0.5052069425582886
14	0.4990079998970032
15	0.49274128675460815
